{"cameraMode":{"drawMode":0,"name":"Shaded","section":"Shading Mode"},"sceneLighting":false,"audioPlay":false,"sceneViewState":{"m_AlwaysRefresh":false,"showFog":true,"showSkybox":false,"showFlares":true,"showImageEffects":true,"showParticleSystems":true,"showVisualEffectGraphs":true,"m_FxEnabled":true},"in2DMode":false,"pivot":{"x":0.0025835633277893068,"y":1.1662046909332276,"z":-0.07905721664428711},"rotation":{"x":0.2638894319534302,"y":0.616132378578186,"z":-0.2303970754146576,"w":0.7054871916770935},"size":3.6275157928466799,"orthographic":false}