{"cameraMode":{"drawMode":0,"name":"Shaded","section":"Shading Mode"},"sceneLighting":false,"audioPlay":false,"sceneViewState":{"m_AlwaysRefresh":false,"showFog":true,"showSkybox":false,"showFlares":true,"showImageEffects":true,"showParticleSystems":true,"showVisualEffectGraphs":true,"m_FxEnabled":true},"in2DMode":false,"pivot":{"x":7.450580596923828e-9,"y":0.5271806716918945,"z":0.049021750688552859},"rotation":{"x":0.13304539024829865,"y":0.789018988609314,"z":-0.18381085991859437,"w":0.5709685683250427},"size":3.2514445781707765,"orthographic":false}