{"cameraMode":{"drawMode":0,"name":"Shaded","section":"Shading Mode"},"sceneLighting":false,"audioPlay":false,"sceneViewState":{"m_AlwaysRefresh":false,"showFog":true,"showSkybox":true,"showFlares":true,"showImageEffects":true,"showParticleSystems":true,"showVisualEffectGraphs":true,"m_FxEnabled":true},"in2DMode":false,"pivot":{"x":179.8206329345703,"y":-437.62408447265627,"z":221.61827087402345},"rotation":{"x":0.0070390538312494759,"y":0.7610458135604858,"z":-0.6487341523170471,"w":0.008265242911875248},"size":479.84613037109377,"orthographic":false}