{"cameraMode":{"drawMode":0,"name":"Shaded","section":"Shading Mode"},"sceneLighting":true,"audioPlay":false,"sceneViewState":{"m_AlwaysRefresh":false,"showFog":true,"showSkybox":true,"showFlares":true,"showImageEffects":true,"showParticleSystems":true,"showVisualEffectGraphs":true,"m_FxEnabled":true},"in2DMode":false,"pivot":{"x":223.2311248779297,"y":-130.57611083984376,"z":-122.53526306152344},"rotation":{"x":0.035914186388254169,"y":0.891895055770874,"z":-0.44510769844055178,"w":0.07186476141214371},"size":211.7325439453125,"orthographic":false}