{"cameraMode":{"drawMode":0,"name":"Shaded","section":"Shading Mode"},"sceneLighting":false,"audioPlay":false,"sceneViewState":{"m_AlwaysRefresh":false,"showFog":true,"showSkybox":true,"showFlares":true,"showImageEffects":true,"showParticleSystems":true,"showVisualEffectGraphs":true,"m_FxEnabled":true},"in2DMode":false,"pivot":{"x":37.489967346191409,"y":-464.90179443359377,"z":655.6964111328125},"rotation":{"x":0.4986467659473419,"y":-0.0002885984431486577,"z":0.00021210296836216003,"w":0.8668797612190247},"size":414.04949951171877,"orthographic":false}