{"cameraMode":{"drawMode":0,"name":"Shaded","section":"Shading Mode"},"sceneLighting":true,"audioPlay":false,"sceneViewState":{"m_AlwaysRefresh":false,"showFog":true,"showSkybox":true,"showFlares":true,"showImageEffects":true,"showParticleSystems":true,"showVisualEffectGraphs":true,"m_FxEnabled":true},"in2DMode":false,"pivot":{"x":220.22052001953126,"y":-1086.6007080078125,"z":-519.75537109375},"rotation":{"x":0.011377906426787377,"y":0.8676949143409729,"z":-0.4966917634010315,"w":0.019835103303194047},"size":1029.9417724609375,"orthographic":false}